{"cameraMode":{"drawMode":0,"name":"Shaded","section":"Shading Mode"},"sceneLighting":false,"audioPlay":false,"sceneViewState":{"showFog":true,"showMaterialUpdate":false,"showSkybox":true,"showFlares":true,"showImageEffects":true,"showParticleSystems":true},"in2DMode":false,"pivot":{"x":0.5910546183586121,"y":1.6108264923095704,"z":-0.7428356409072876},"rotation":{"x":0.2429097294807434,"y":0.016004953533411027,"z":-0.004008326679468155,"w":0.9699095487594605},"size":10.045650482177735,"orthographic":false}