{"cameraMode":{"drawMode":0,"name":"Shaded","section":"Shading Mode"},"sceneLighting":true,"audioPlay":false,"sceneViewState":{"showFog":false,"showMaterialUpdate":false,"showSkybox":false,"showFlares":false,"showImageEffects":false,"showParticleSystems":false},"in2DMode":false,"pivot":{"x":2.1387076377868654,"y":5.700144290924072,"z":-34.813331604003909},"rotation":{"x":-0.20651684701442719,"y":0.3801240921020508,"z":-0.0874718651175499,"w":-0.8973593711853027},"size":18.11498260498047,"orthographic":true}