{"cameraMode":{"drawMode":0,"name":"Shaded","section":"Shading Mode"},"sceneLighting":true,"audioPlay":false,"sceneViewState":{"showFog":false,"showMaterialUpdate":false,"showSkybox":false,"showFlares":false,"showImageEffects":false,"showParticleSystems":false},"in2DMode":false,"pivot":{"x":-107.78162384033203,"y":-215.4783935546875,"z":-383.9986572265625},"rotation":{"x":-0.23418235778808595,"y":0.05042244866490364,"z":-0.012155805714428425,"w":-0.9708178639411926},"size":1173.67919921875,"orthographic":false}