{"cameraMode":{"drawMode":0,"name":"Shaded","section":"Shading Mode"},"sceneLighting":false,"audioPlay":false,"sceneViewState":{"showFog":false,"showMaterialUpdate":false,"showSkybox":false,"showFlares":false,"showImageEffects":false,"showParticleSystems":false},"in2DMode":false,"pivot":{"x":-2.9472618103027345,"y":-2.303203582763672,"z":-2.7503738403320314},"rotation":{"x":-0.17279911041259767,"y":0.23304909467697144,"z":-0.042121268808841708,"w":-0.9560640454292297},"size":106.24424743652344,"orthographic":false}