{"cameraMode":{"drawMode":0,"name":"Shaded","section":"Shading Mode"},"sceneLighting":true,"audioPlay":false,"sceneViewState":{"showFog":false,"showMaterialUpdate":false,"showSkybox":false,"showFlares":false,"showImageEffects":false,"showParticleSystems":false},"in2DMode":false,"pivot":{"x":-5.366392135620117,"y":22.684276580810548,"z":26.22867774963379},"rotation":{"x":-0.2102050632238388,"y":-0.4175194501876831,"z":0.0999215766787529,"w":-0.8783643245697022},"size":244.3706512451172,"orthographic":false}